{"cameraMode":{"drawMode":0,"name":"Shaded","section":"Shading Mode"},"sceneLighting":true,"audioPlay":false,"sceneViewState":{"showFog":true,"showMaterialUpdate":false,"showSkybox":true,"showFlares":true,"showImageEffects":true,"showParticleSystems":true},"in2DMode":false,"pivot":{"x":2.129075527191162,"y":-19.939876556396486,"z":51.39752197265625},"rotation":{"x":0.1674768626689911,"y":0.025452520698308946,"z":-0.004274869337677956,"w":0.9856197834014893},"size":68.28626251220703,"orthographic":false}