{"cameraMode":{"drawMode":0,"name":"Shaded","section":"Shading Mode"},"sceneLighting":false,"audioPlay":false,"sceneViewState":{"showFog":true,"showMaterialUpdate":false,"showSkybox":false,"showFlares":true,"showImageEffects":true,"showParticleSystems":true},"in2DMode":false,"pivot":{"x":0.43634793162345889,"y":0.6810747981071472,"z":0.6572973132133484},"rotation":{"x":0.057768937200307849,"y":-0.8148893713951111,"z":0.08241385221481323,"w":0.5708813071250916},"size":1.9416587352752686,"orthographic":false}