{"cameraMode":{"drawMode":0,"name":"Shaded","section":"Shading Mode"},"sceneLighting":false,"audioPlay":false,"sceneViewState":{"showFog":true,"showMaterialUpdate":false,"showSkybox":false,"showFlares":true,"showImageEffects":true,"showParticleSystems":true},"in2DMode":false,"pivot":{"x":2.795037269592285,"y":0.2540000081062317,"z":2.347599983215332},"rotation":{"x":-0.03524104133248329,"y":-0.23988068103790284,"z":0.008713561110198498,"w":-0.9701324105262756},"size":3.45054292678833,"orthographic":false}